""	"center"	"cellLine"	"drug"	"experiment"	"stage"	"Simpson"	"trapezoid"	"goodNess_of_fit"	"IC50"	"hillSlope"	"maxEfficacy"	"bottom_asymptote"	"stdErr"
0	"MGH"	"Syn1"	"AR42"	"exp-1"	"stage-2"	4.33886396167	4.31300066572	0.995832569554	5.30379479977e-07	-1.0207164794	0.923993655581	0.0715638691557	0.0241017342628
1	"MGH"	"Syn1"	"Axitinib"	"exp-1"	"stage-2"	4.70301923286	4.69081926152	0.948832329673	1.12204588342e-06	-11.0640028198	0.645121000257	0.354878999743	0.0525790811173
2	"MGH"	"Syn1"	"AZD2014"	"exp-1"	"stage-2"	4.32346010784	4.30573104068	0.986892133821	2.98921615938e-07	-0.70092708325	0.724560983098	0.275439015958	0.030412602444
3	"MGH"	"Syn1"	"Bortezomib"	"exp-1"	"stage-2"	2.20361951395	2.179325315	0.99898941199	3.28289928464e-09	-9.15653398667	0.975559585174	0.024322463405	0.0107523747416
4	"MGH"	"Syn1"	"CUDC907"	"exp-1"	"stage-2"	2.43477060561	2.40924296916	0.997009259817	3.55802030936e-09	-0.609101687689	0.925685643845	0.0743143561551	0.0173812621569
5	"MGH"	"Syn1"	"Everolimus"	"exp-1"	"stage-2"	4.64301928092	4.63890377149	0.980013857363	2.5e-05	-4.0817040386	0.361533717558	0.635864086204	0.0207360761588
6	"MGH"	"Syn1"	"Ganetespib"	"exp-1"	"stage-2"	3.66719117936	3.65215408595	0.986726881918	1.53518000475e-08	-2.6564791424	0.68587434671	0.312085068985	0.0286364923805
7	"MGH"	"Syn1"	"GDC0941"	"exp-1"	"stage-2"	4.99795252099	4.98492766263	0.989448386008	2.77696606108e-06	-0.823354663467	0.594288504741	0.369469517131	0.0187930021543
8	"MGH"	"Syn1"	"GDC0980"	"exp-1"	"stage-2"	3.90357602528	3.88584236126	0.993891207048	1.44304098273e-07	-1.11014220407	0.77736067705	0.221524864895	0.0218384456004
9	"MGH"	"Syn1"	"GSK2126458"	"exp-1"	"stage-2"	3.32889821475	3.31144244656	0.989725584057	1.77448255882e-08	-0.530626824798	0.757110136859	0.241733249298	0.0207518936914
10	"MGH"	"Syn1"	"Panobinostat"	"exp-1"	"stage-2"	2.55208732796	2.52723566936	0.997626185119	5.28276784994e-09	-1.32022987639	0.95801060015	0.0377744816263	0.0147050670159
11	"MGH"	"Syn1"	"Vorinostat"	"exp-1"	"stage-2"	4.66613618682	4.64231714268	0.996237509995	1.07543190011e-06	-2.14586858322	0.881276694732	0.097446955492	0.0184501151715
12	"MGH"	"Syn2"	"AR42"	"exp-1"	"stage-2"	4.82077763777	4.79453344007	0.996099106921	8.21371074946e-07	-1.03626432561	0.877297473421	0.122599051552	0.0261398729988
13	"MGH"	"Syn2"	"Axitinib"	"exp-1"	"stage-2"	4.52110145531	4.51010392074	0.910872645024	1.97652280436e-06	-8.33828634771	0.658585732012	0.337575436181	0.0668541219434
14	"MGH"	"Syn2"	"AZD2014"	"exp-1"	"stage-2"	4.58821946824	4.57017940904	0.992428991629	3.54434810402e-07	-0.695488163627	0.688484448856	0.310625904012	0.0256651306827
15	"MGH"	"Syn2"	"Bortezomib"	"exp-1"	"stage-2"	2.31172768206	2.28863611499	0.997920917043	5.19373361357e-09	-16.3760542602	0.972950141277	0.0266021926011	0.0141645065137
16	"MGH"	"Syn2"	"CUDC907"	"exp-1"	"stage-2"	2.78511648604	2.76211383396	0.994043969402	7.46871396156e-09	-1.02240295797	0.883663955585	0.116336044415	0.021216977643
17	"MGH"	"Syn2"	"Everolimus"	"exp-1"	"stage-2"	5.51353898409	5.51085086189	0.966364806955	2.5e-05	-0.211494022184	0.257674618625	0.697959416137	0.018425983956
18	"MGH"	"Syn2"	"Ganetespib"	"exp-1"	"stage-2"	3.9526434773	3.93969691851	0.9639565368	3.08348260126e-08	-7.45497216322	0.634923241067	0.36344358627	0.0407413409002
19	"MGH"	"Syn2"	"GDC0941"	"exp-1"	"stage-2"	5.10491233843	5.09397203148	0.980575920786	3.28544051622e-06	-2.04586223911	0.541937294104	0.443710172525	0.0298422671524
20	"MGH"	"Syn2"	"GDC0980"	"exp-1"	"stage-2"	3.81431381542	3.79904561478	0.992554136878	1.63883412132e-07	-1.04213412896	0.752059736175	0.247606220291	0.0186880566259
21	"MGH"	"Syn2"	"GSK2126458"	"exp-1"	"stage-2"	3.21594411422	3.20023946007	0.990086633752	1.4385742262e-08	-0.431398057475	0.745202775793	0.253015265897	0.0212302016195
22	"MGH"	"Syn2"	"Panobinostat"	"exp-1"	"stage-2"	2.62707149952	2.60182129445	0.994819469784	5.80466641133e-09	-0.731820806695	0.962536693065	0.0140557985405	0.0227980544823
23	"MGH"	"Syn2"	"Vorinostat"	"exp-1"	"stage-2"	4.51046547503	4.48971369913	0.992954178807	1.42788052323e-06	-7.27863916286	0.858778971057	0.106290566975	0.024997554155
24	"MGH"	"Syn3"	"AR42"	"exp-1"	"stage-2"	4.86688003608	4.83545698547	0.996401326518	6.58095933043e-07	-1.08828017503	0.964312928269	0.032390745598	0.0251818134412
25	"MGH"	"Syn3"	"Axitinib"	"exp-1"	"stage-2"	6.20630575137	6.18174542033	0.989094498229	1.62320103036e-06	-1.66448119137	0.681596484839	0.317211241092	0.0359079119098
26	"MGH"	"Syn3"	"AZD2014"	"exp-1"	"stage-2"	4.24278890711	4.2221612584	0.995560549718	2.02338823392e-07	-0.635157090979	0.767251259577	0.232748731001	0.0196346287796
27	"MGH"	"Syn3"	"Bortezomib"	"exp-1"	"stage-2"	2.71483220974	2.68160724439	0.995941240326	2.77908156997e-09	-15.5985004584	0.970577388318	0.0294222540719	0.0257765336801
28	"MGH"	"Syn3"	"CUDC907"	"exp-1"	"stage-2"	2.48836871368	2.46102438559	0.999128369034	3.60734257367e-09	-0.657500230436	0.935489047303	0.0645109525334	0.0101534548977
29	"MGH"	"Syn3"	"Everolimus"	"exp-1"	"stage-2"	4.27141226259	4.26360610127	0.996191443222	2.5e-05	-1.76267508145	0.434390850202	0.564882377218	0.00838003340794
30	"MGH"	"Syn3"	"Ganetespib"	"exp-1"	"stage-2"	4.30443630406	4.28142141613	0.997689798607	1.69723044905e-08	-4.60653121808	0.68871742136	0.310587659817	0.0153011152578
31	"MGH"	"Syn3"	"GDC0941"	"exp-1"	"stage-2"	5.24039000135	5.22514795901	0.989099619825	5.13688973466e-06	-0.741448954817	0.641683208895	0.289692398223	0.0245800782512
32	"MGH"	"Syn3"	"GDC0980"	"exp-1"	"stage-2"	4.5274252368	4.50441114005	0.99437270135	1.93485277071e-07	-1.12476392397	0.781379567111	0.218513625057	0.0277367042091
33	"MGH"	"Syn3"	"GSK2126458"	"exp-1"	"stage-2"	4.24174415649	4.2190637163	0.995438090262	6.47057749435e-08	-0.946266098388	0.750401115583	0.24802921748	0.024309329572
34	"MGH"	"Syn3"	"Panobinostat"	"exp-1"	"stage-2"	2.95423288784	2.92248694283	0.998420298999	8.01393647584e-09	-1.12158898617	0.981463318754	0.0167538872226	0.0170440511121
35	"MGH"	"Syn3"	"Vorinostat"	"exp-1"	"stage-2"	4.83568010157	4.80831151844	0.995569906466	1.21096219598e-06	-1.88750773647	0.937016637096	-0.0334051951471	0.0253925113338
36	"MGH"	"Syn4"	"AR42"	"exp-1"	"stage-2"	4.75216835315	4.72180955635	0.996490513366	5.56065421493e-07	-0.965373943161	0.946408966541	0.0515423201226	0.0243034399542
37	"MGH"	"Syn4"	"Axitinib"	"exp-1"	"stage-2"	5.44298161294	5.42425691383	0.972493219865	1.71991554424e-06	-13.9641939277	0.684897958994	0.300290169901	0.0454304990421
38	"MGH"	"Syn4"	"AZD2014"	"exp-1"	"stage-2"	4.33695080876	4.31532201622	0.996499813155	1.89297150264e-07	-0.801773126223	0.774911550548	0.22508844139	0.0158807527211
39	"MGH"	"Syn4"	"Bortezomib"	"exp-1"	"stage-2"	2.37994383099	2.35275707092	0.995689677864	4.29047054793e-09	-3.57508273169	0.973444140946	0.0265558590543	0.016750220225
40	"MGH"	"Syn4"	"CUDC907"	"exp-1"	"stage-2"	2.46173671678	2.43416689108	0.998752736074	3.46193213455e-09	-0.679605592266	0.937542341937	0.0624576580632	0.0140273357915
41	"MGH"	"Syn4"	"Everolimus"	"exp-1"	"stage-2"	4.06619945682	4.0524369857	0.992240665824	1.52707087701e-05	-0.177860015492	0.502002946981	0.483741403211	0.0203758898816
42	"MGH"	"Syn4"	"Ganetespib"	"exp-1"	"stage-2"	3.6249142637	3.60645394467	0.992112659223	9.30739907113e-09	-4.73255883	0.719816246474	0.278892980201	0.025615957184
43	"MGH"	"Syn4"	"GDC0941"	"exp-1"	"stage-2"	5.20236322298	5.18432180463	0.996320386676	3.05728628304e-06	-0.510602321625	0.66961194214	0.298916849675	0.0177235287915
44	"MGH"	"Syn4"	"GDC0980"	"exp-1"	"stage-2"	4.19781616232	4.17609630422	0.995007097878	1.49269204237e-07	-0.786113115259	0.786178872584	0.213821127416	0.0224065040165
45	"MGH"	"Syn4"	"GSK2126458"	"exp-1"	"stage-2"	3.6222365343	3.60191751003	0.992317513407	2.63423962497e-08	-0.594710524179	0.757860944902	0.242119809173	0.0236436410826
46	"MGH"	"Syn4"	"Panobinostat"	"exp-1"	"stage-2"	2.74162624354	2.71319912449	0.996453396257	7.74819159359e-09	-0.969237534822	0.969743939888	0.0300261887657	0.0219452175254
47	"MGH"	"Syn4"	"Vorinostat"	"exp-1"	"stage-2"	4.9183633169	4.89001928969	0.994451451546	9.60808258139e-07	-1.80233752591	0.929843330525	0.0435512447061	0.0303241166684
48	"MGH"	"Syn5"	"AR42"	"exp-1"	"stage-2"	4.79621764605	4.76504241743	0.998434874105	6.56881872574e-07	-0.946945445564	0.965701075281	0.0330890417972	0.0153731396461
49	"MGH"	"Syn5"	"Axitinib"	"exp-1"	"stage-2"	6.17048487725	6.14663006913	0.990670420029	1.70153562837e-06	-3.33205896338	0.688224132692	0.308817388187	0.0317509699845
50	"MGH"	"Syn5"	"AZD2014"	"exp-1"	"stage-2"	4.15544395995	4.13650209275	0.995160332809	1.9111280214e-07	-0.658563588861	0.751219474369	0.248779900056	0.0205313297536
51	"MGH"	"Syn5"	"Bortezomib"	"exp-1"	"stage-2"	2.67884051429	2.64597412292	0.997506393996	2.70066282606e-09	-17.9703240765	0.970368724726	0.0296310331009	0.0211955401364
52	"MGH"	"Syn5"	"CUDC907"	"exp-1"	"stage-2"	2.45999899302	2.43196105373	0.998332716954	3.74529072273e-09	-0.587210501215	0.947350763904	0.0526492360962	0.0161351742296
53	"MGH"	"Syn5"	"Everolimus"	"exp-1"	"stage-2"	4.21672701847	4.20819929368	0.989376037761	2.5e-05	-3.70018646243	0.471132421122	0.517471989064	0.0188451260618
54	"MGH"	"Syn5"	"Ganetespib"	"exp-1"	"stage-2"	4.29162662321	4.27056339909	0.995865489894	1.7380840922e-08	-3.00725371611	0.663392088544	0.336328385871	0.0230075942389
55	"MGH"	"Syn5"	"GDC0941"	"exp-1"	"stage-2"	5.13582046651	5.12121099615	0.966691234585	4.71610249152e-06	-0.615304702136	0.631564940371	0.320701916227	0.0410323613609
56	"MGH"	"Syn5"	"GDC0980"	"exp-1"	"stage-2"	4.45387235108	4.43277477978	0.997902087174	1.78563881478e-07	-0.931451708367	0.747940813065	0.252042474574	0.0153253224361
57	"MGH"	"Syn5"	"GSK2126458"	"exp-1"	"stage-2"	4.13252276108	4.11157146239	0.993680383809	5.69482367941e-08	-0.622671283003	0.715800304078	0.284199667908	0.025823112881
58	"MGH"	"Syn5"	"Panobinostat"	"exp-1"	"stage-2"	2.97616832622	2.94475693152	0.998007886479	9.21758376334e-09	-1.16212227603	0.988288078788	0.0084806627953	0.0171743493768
59	"MGH"	"Syn5"	"Vorinostat"	"exp-1"	"stage-2"	4.88227034508	4.85396522102	0.996656673589	1.336943278e-06	-1.32132441641	0.948977340355	-0.0042469516187	0.0231900553963
60	"MGH"	"Syn6"	"AR42"	"exp-1"	"stage-2"	4.65314641158	4.62376571523	0.993238522531	6.01759169495e-07	-1.23337769196	0.959267862455	-0.00286359135681	0.0308399614439
61	"MGH"	"Syn6"	"Axitinib"	"exp-1"	"stage-2"	6.27019168545	6.25857690328	0.948318227977	2.5e-05	-0.544387283971	0.421604548458	0.503171628535	0.0341950757066
62	"MGH"	"Syn6"	"AZD2014"	"exp-1"	"stage-2"	3.93343274334	3.9120689183	0.993063088185	1.30041323682e-07	-1.08198949301	0.829715168337	0.169632566611	0.0274363002084
63	"MGH"	"Syn6"	"Bortezomib"	"exp-1"	"stage-2"	2.69935375483	2.66934797358	0.994447088527	5.64366078432e-09	-8.02244882901	0.973391170252	0.0266088297478	0.0252744974715
64	"MGH"	"Syn6"	"CUDC907"	"exp-1"	"stage-2"	2.63420406437	2.60521094688	0.998049760514	4.57253704439e-09	-0.839433793054	0.956316566679	0.0433513489973	0.0176671415991
65	"MGH"	"Syn6"	"Everolimus"	"exp-1"	"stage-2"	3.27163787507	3.2648552598	0.967910692477	8.56628243731e-09	-0.263889823049	0.585469338608	0.401218881407	0.0218692531813
66	"MGH"	"Syn6"	"Ganetespib"	"exp-1"	"stage-2"	3.7512088973	3.72688078465	0.997528808298	7.95248821894e-09	-9.86351169021	0.774200801431	0.225799198569	0.0198523217595
67	"MGH"	"Syn6"	"GDC0941"	"exp-1"	"stage-2"	4.88463389163	4.86627288018	0.990538804255	1.63118450212e-06	-0.785287959103	0.725824189233	0.243534368151	0.0263625364208
68	"MGH"	"Syn6"	"GDC0980"	"exp-1"	"stage-2"	4.11471653503	4.0911442316	0.99228563321	1.21592973267e-07	-1.01354112423	0.828977670638	0.171021950363	0.0312472813372
69	"MGH"	"Syn6"	"GSK2126458"	"exp-1"	"stage-2"	3.81493831781	3.79173607911	0.992542632225	3.32398175181e-08	-0.822482587486	0.790463505716	0.209508027713	0.0272399699665
70	"MGH"	"Syn6"	"Panobinostat"	"exp-1"	"stage-2"	3.16641215872	3.13491925954	0.998892975223	1.30700794803e-08	-1.21995059526	0.983056897293	0.012652521158	0.0086622991458
71	"MGH"	"Syn6"	"Vorinostat"	"exp-1"	"stage-2"	4.93831035059	4.91140032876	0.997421268103	1.26082276918e-06	-1.8285094707	0.912819513346	-0.0115365032636	0.0199451688331
72	"MGH"	"Syn10"	"AR42"	"exp-2"	"stage-2"	5.3129501799	5.28514864353	0.990717346282	1.96511971329e-06	-11.9686183551	0.903727420564	-0.348802847736	0.0380804879543
73	"MGH"	"Syn10"	"Axitinib"	"exp-2"	"stage-2"	6.38413004255	6.38177843772	0.806401374069	0.098919546164	-0.323009640957	0.202384926557	-0.503284061253	0.0545969509398
74	"MGH"	"Syn10"	"AZD2014"	"exp-2"	"stage-2"	4.42890198049	4.41126438741	0.994964682815	2.26755324955e-07	-0.704479388947	0.690344276171	0.309655714352	0.0180554413759
75	"MGH"	"Syn10"	"Bortezomib"	"exp-2"	"stage-2"	3.27275416769	3.24173193891	0.994662455456	7.38506038099e-09	-11.2418350993	0.919510349572	0.080489650428	0.0323804637134
76	"MGH"	"Syn10"	"CUDC907"	"exp-2"	"stage-2"	3.33770084183	3.31229946123	0.998565892955	2.49318598543e-08	-0.715148569697	0.890659287339	0.109166132707	0.011439961003
77	"MGH"	"Syn10"	"Everolimus"	"exp-2"	"stage-2"	4.62615408864	4.62751910856	0.971485381526	2.5e-05	-0.217483882934	0.299270790045	0.700560885885	0.0152344391722
78	"MGH"	"Syn10"	"Ganetespib"	"exp-2"	"stage-2"	5.86564616735	5.86343823834	0.934908166193	NA	-11.8733173687	0.243942326369	0.756057673631	0.0395219027824
79	"MGH"	"Syn10"	"GDC0941"	"exp-2"	"stage-2"	5.58594324099	5.57265563571	0.967845184296	1.46757460006e-05	-0.536956080404	0.566751181192	0.0499836428728	0.0376439546856
80	"MGH"	"Syn10"	"GDC0980"	"exp-2"	"stage-2"	4.71576955358	4.69766204261	0.983134036829	3.76231019096e-07	-1.23231608893	0.694991977983	0.303898745266	0.0335802893061
81	"MGH"	"Syn10"	"GSK2126458"	"exp-2"	"stage-2"	4.61462756575	4.60354522175	0.979246058482	2.42431365343e-07	-0.66110966797	0.520010745923	0.479989254077	0.0327948443903
82	"MGH"	"Syn10"	"Panobinostat"	"exp-2"	"stage-2"	4.04653545954	4.01342861483	0.99608207058	4.25096373666e-08	-1.18288690741	0.937709274108	0.043033131677	0.0269625006014
83	"MGH"	"Syn10"	"Vorinostat"	"exp-2"	"stage-2"	5.79505888422	5.76947635429	0.990131020834	5.29206284247e-06	-4.79689840576	0.828296232552	-1.68282493078	0.0347110282927
84	"MGH"	"Syn12"	"AR42"	"exp-2"	"stage-2"	5.12620039589	5.09742786108	0.996036852686	1.13456513563e-06	-2.31596997507	0.920940124226	0.0200517643374	0.0254241262555
85	"MGH"	"Syn12"	"Axitinib"	"exp-2"	"stage-2"	6.56831350563	6.56825460083	0.510189092439	0.000859825428087	-0.231000065731	0.161085900061	-7.27530012413	0.075500463641
86	"MGH"	"Syn12"	"AZD2014"	"exp-2"	"stage-2"	4.48756860847	4.46902745414	0.98975270336	2.09086241477e-07	-0.657294328894	0.687434046825	0.312565539181	0.0284308339524
87	"MGH"	"Syn12"	"Bortezomib"	"exp-2"	"stage-2"	3.59801765322	3.56985698078	0.994118882811	1.17932785078e-08	-59.7120015396	0.874303086736	0.113539702928	0.0309146965035
88	"MGH"	"Syn12"	"CUDC907"	"exp-2"	"stage-2"	3.10918350672	3.08249393096	0.995416472354	1.07068090469e-08	-0.709488803535	0.891759732881	0.108151629743	0.023231482052
89	"MGH"	"Syn12"	"Everolimus"	"exp-2"	"stage-2"	4.14412167138	4.14100614295	0.957243962125	2.5e-05	-6.88635589773	0.438057278367	0.55970160435	0.0227933660645
90	"MGH"	"Syn12"	"Ganetespib"	"exp-2"	"stage-2"	5.44117432686	5.43213670461	0.973611508227	NA	-8.46535235765	0.399693335766	0.600306664234	0.0378814190546
91	"MGH"	"Syn12"	"GDC0941"	"exp-2"	"stage-2"	5.30763459299	5.28913873561	0.991338795844	3.42775100851e-06	-0.656237772031	0.67415676499	0.196072264322	0.0239133397535
92	"MGH"	"Syn12"	"GDC0980"	"exp-2"	"stage-2"	4.58216699478	4.56143719442	0.993293523751	2.21321438363e-07	-0.890552768961	0.727250148791	0.271407832972	0.0157110203379
93	"MGH"	"Syn12"	"GSK2126458"	"exp-2"	"stage-2"	4.33265982556	4.31304938884	0.985933683889	7.35611413313e-08	-0.742332956075	0.664838289858	0.332019179852	0.0339754685604
94	"MGH"	"Syn12"	"Panobinostat"	"exp-2"	"stage-2"	3.72053218376	3.68945073274	0.996787768454	2.61373729282e-08	-1.09455174899	0.920754109757	0.0773737852613	0.0244826977515
95	"MGH"	"Syn12"	"Vorinostat"	"exp-2"	"stage-2"	5.62781020782	5.60187553204	0.996229376294	3.31225369507e-06	-1.75213271992	0.836516689548	0.00969653326088	0.0226554514461
96	"MGH"	"Syn7"	"AR42"	"exp-2"	"stage-2"	4.68863168344	4.66314289579	0.997810633959	1.61111590972e-06	-0.90263164166	0.920152383244	0.0570652058579	0.0134431084122
97	"MGH"	"Syn7"	"Axitinib"	"exp-2"	"stage-2"	5.00738352532	5.00723902974	0.609433759762	0.123818886091	-0.155556183817	0.331835242972	0.0866027211859	0.0566962641227
98	"MGH"	"Syn7"	"AZD2014"	"exp-2"	"stage-2"	4.3978973753	4.37999646832	0.996871773558	2.42715412819e-07	-0.655347398049	0.700667029161	0.299332968992	0.0140216528741
99	"MGH"	"Syn7"	"Bortezomib"	"exp-2"	"stage-2"	2.41664630431	2.39237481461	0.9923584981	4.0259891404e-09	-45.0663808976	0.967429946284	0.0299972665266	0.0272841865718
100	"MGH"	"Syn7"	"CUDC907"	"exp-2"	"stage-2"	2.89727421979	2.87204592369	0.995136957709	1.17104064078e-08	-0.456882199328	0.91221346919	0.0877865305061	0.0233215138904
101	"MGH"	"Syn7"	"Everolimus"	"exp-2"	"stage-2"	4.37784666794	4.3736053483	0.990288157727	2.5e-05	-0.0934691942571	0.390962796395	0.60178971714	0.0123085717205
102	"MGH"	"Syn7"	"Ganetespib"	"exp-2"	"stage-2"	4.76117338486	4.75454823769	0.921204397372	2.5e-05	-15.4006426823	0.468165377708	0.530335806441	0.0506826331746
103	"MGH"	"Syn7"	"GDC0941"	"exp-2"	"stage-2"	5.17505633973	5.16000759604	0.952647982292	8.283884476e-06	-0.30380598899	0.594115018908	-2.10172958744	0.0451877053525
104	"MGH"	"Syn7"	"GDC0980"	"exp-2"	"stage-2"	3.95819698134	3.94073410446	0.993699460641	1.57568706366e-07	-0.715936973779	0.753859976543	0.246137341701	0.0184594642975
105	"MGH"	"Syn7"	"GSK2126458"	"exp-2"	"stage-2"	3.49286588267	3.47566214791	0.995053804829	2.70802812038e-08	-0.291419554128	0.719501661969	0.279969120261	0.0181709750114
106	"MGH"	"Syn7"	"Panobinostat"	"exp-2"	"stage-2"	3.1547839992	3.1299800136	0.995908451525	3.2124910367e-08	-0.672968749534	0.926304409997	0.0736955900025	0.0205372870651
107	"MGH"	"Syn7"	"Vorinostat"	"exp-2"	"stage-2"	5.15681496028	5.13423525535	0.984002620664	5.39419805532e-06	-0.885938187912	0.841902488087	-0.136896716535	0.0343528710215
0	"UCF"	"HS01"	"AR42"	"Run1"	""	2.9833891771	2.96973627202	0.969177642523	1.34291793689e-06	-0.666859819139	0.771844159479	0.171348933485	0.0517102985413
1	"UCF"	"HS01"	"Axitinib"	"Run1"	""	3.93622097348	3.93633486979	0.633885337557	1e-05	-4.37978902179	0.225705515775	0.773951810506	0.0758258950523
2	"UCF"	"HS01"	"AZD2014"	"Run1"	""	2.99067510631	2.9851291876	0.947928800251	1e-05	-0.551569545163	0.474972493184	0.524920846693	0.0392748660311
3	"UCF"	"HS01"	"Bortezomib"	"Run1"	""	1.5745428639	1.55944184886	0.968412176719	1.12283235449e-08	-14.5716929032	0.829109893151	0.163476821619	0.0407987825514
4	"UCF"	"HS01"	"CUDC907"	"Run1"	""	1.42086013502	1.41302308418	0.98951678521	8.12127705076e-09	-2.21072188178	0.8021897238	0.182312203475	0.0152490743426
5	"UCF"	"HS01"	"Everolimus"	"Run1"	""	2.67851686109	2.6807309576	0.345447616888	0.00028170235816	-9.65495820004	0.404435849564	-0.151053025662	0.0180716041665
6	"UCF"	"HS01"	"Ganetespib"	"Run1"	""	2.06647702459	2.05705813697	0.976177237558	3.42230479129e-08	-6.52373042519	0.655656095752	0.330614702506	0.0292822388099
7	"UCF"	"HS01"	"GDC0941"	"Run1"	""	3.65975221954	3.65553107285	0.891971832502	1.40072084364e-05	-0.588147217656	0.415219900203	-8.59417136361	0.052758350626
8	"UCF"	"HS01"	"GDC0980"	"Run1"	""	3.08966717661	3.08249975203	0.936015662211	2.47902689088e-06	-0.871047539279	0.574412799344	0.424505819554	0.0544886750716
9	"UCF"	"HS01"	"GSK2126458"	"Run1"	""	2.4073784842	2.40411830901	0.857452962922	4.01883913113e-07	-3.14827743283	0.537208454311	0.456130648452	0.0545320493994
10	"UCF"	"HS01"	"Lapatinib"	"Run1"	""	3.47857617421	3.47413252136	0.810462462138	1.03232035942e-05	-1.14212075357	0.485761690435	-16.3120308712	0.0547988174453
11	"UCF"	"HS01"	"LY2157299"	"Run1"	""	3.88032417034	3.88819082031	0.102757917136	NA	38.980473243	0.0386539927941	0.961346007206	0.056895827682
12	"UCF"	"HS01"	"OSU03012"	"Run1"	""	3.5441586859	3.52968076613	0.96636609854	6.61912214525e-06	-1.37585756049	0.83143807736	-21.9059020929	0.0540952192956
13	"UCF"	"HS01"	"Panobinostat"	"Run1"	""	2.18885687321	2.1750107533	0.989355328261	8.57212381968e-08	-1.25843459852	0.789373163156	0.208411822067	0.0307433598648
14	"UCF"	"HS01"	"Perifosine"	"Run1"	""	4.1612998564	4.16241411528	0.592085706099	9.99999999958e-06	-12.3174238622	0.154533153735	0.845466783009	0.0599513680096
15	"UCF"	"HS01"	"Selumetinib"	"Run1"	""	3.65348419323	3.65418462387	0.520893000588	0.00935830500633	-0.157579385272	0.216038389207	0	0.0719558081056
16	"UCF"	"HS01"	"Trametinib"	"Run1"	""	3.14152586834	3.14159160187	0.808331851752	0.0166306235269	-4.99994173592	0.357744062885	0.399996072221	0.0418096492349
17	"UCF"	"HS01"	"Vismodegib"	"Run1"	""	4.35424503927	4.35330511356	0.658884016163	1.1536897463e-05	-7.60066803959	0.218591450922	0	0.0805740312933
18	"UCF"	"HS01"	"Vorinostat"	"Run1"	""	3.45963487386	3.44940021397	0.964395225154	4.76190426428e-06	-1.47509984997	0.642853796221	-1.39118547272	0.0441642128667
19	"UCF"	"HS11"	"AR42"	"Run1"	""	3.7375020743	3.7269410127	0.933678199922	5.87187421087e-06	-2.53213278438	0.580882928628	-1.25385515977	0.0718830098655
20	"UCF"	"HS11"	"Axitinib"	"Run1"	""	3.97612198161	3.97457498428	0.516598633447	NA	4.16723752412	0.282867870429	1.03317257462	0.113433722043
21	"UCF"	"HS11"	"AZD2014"	"Run1"	""	3.09869975323	3.09446120462	0.920152553908	9.99999995337e-06	-0.871178692629	0.441496890913	0.55850310884	0.0479340733562
22	"UCF"	"HS11"	"Bortezomib"	"Run1"	""	1.77201018838	1.75877990096	0.950549413584	2.83541065938e-08	-0.408144517829	0.827471742799	-0.0256373931009	0.0503927422957
23	"UCF"	"HS11"	"CUDC907"	"Run1"	""	1.95376003924	1.947841336	0.957309930958	6.64810579737e-08	-1.634962654	0.705471658991	0.257305049121	0.0330466630089
24	"UCF"	"HS11"	"Everolimus"	"Run1"	""	2.61160956057	2.61486203473	0.255348534129	0.000122823580063	-0.536298879871	0.381698235927	-1.74029561152	0.0255551080238
25	"UCF"	"HS11"	"Ganetespib"	"Run1"	""	2.14544476354	2.14128388464	0.893463717669	1.93390239838e-08	-1.09187579133	0.536482119336	0.463517880664	0.0440478616121
26	"UCF"	"HS11"	"GDC0941"	"Run1"	""	3.44843550356	3.44814550259	0.632925661818	0.000270532186094	-0.537201841045	0.308419091773	-0.33030973132	0.0572934106825
27	"UCF"	"HS11"	"GDC0980"	"Run1"	""	3.3476037703	3.34116015356	0.9202892724	1e-05	-0.900337154199	0.480796251426	0.519181704129	0.0624693022849
28	"UCF"	"HS11"	"GSK2126458"	"Run1"	""	2.55821243508	2.55409396096	0.861020239963	1e-05	-1.79196888645	0.476994961985	0.518662596925	0.0513502776769
29	"UCF"	"HS11"	"Lapatinib"	"Run1"	""	3.68110928627	3.67768692682	0.799172581933	1.81525355595e-05	-2.81546175852	0.402671374552	-1.33216059611	0.0750482357613
30	"UCF"	"HS11"	"LY2157299"	"Run1"	""	4.0245875917	4.03233795536	0.160204518602	NA	3.00746011492	0.0147150082679	0.985284991732	0.0439110908363
31	"UCF"	"HS11"	"OSU03012"	"Run1"	""	3.56443054797	3.55167785662	0.980296292586	6.75180720358e-06	-1.16150582896	0.758501512133	-25.6134639719	0.0320730091924
32	"UCF"	"HS11"	"Panobinostat"	"Run1"	""	2.57865432359	2.57001928721	0.966457987049	3.21491430575e-07	-9.85386719671	0.654143351333	0.298695381211	0.0403857936542
33	"UCF"	"HS11"	"Perifosine"	"Run1"	""	3.83926262852	3.84098107443	0.616170145191	0.000703165483969	-2.66678652346	0.197811253063	-0.390797075948	0.0378739545434
34	"UCF"	"HS11"	"Selumetinib"	"Run1"	""	3.84537112052	3.84658227767	0.27080531556	2.08550534812e-05	-9.87080875764	0.229620547355	-0.717716116769	0.124883310765
35	"UCF"	"HS11"	"Trametinib"	"Run1"	""	3.41862364361	3.41917187713	0.746818506907	0.00241253647649	-1.86526372059	0.298424603723	-0.0437055158162	0.0506816428397
36	"UCF"	"HS11"	"Vismodegib"	"Run1"	""	4.06103538329	4.06054516979	0.607311883285	1.87592962067e-05	-17.0617435262	0.249229895353	-10.2166024224	0.072220205488
37	"UCF"	"HS11"	"Vorinostat"	"Run1"	""	3.64991426321	3.64537271428	0.938568148443	1.54369036975e-05	-5.39798990165	0.439124908465	-0.998279659591	0.0456183449648
38	"UCF"	"MS01"	"AR42"	"Run1"	""	2.48429196658	2.47046451803	0.990107299595	3.48008316668e-07	-1.55730914854	0.843275452848	-0.0254579452078	0.0297375691584
39	"UCF"	"MS01"	"Axitinib"	"Run1"	""	3.47814944813	3.47384480832	0.929214303099	1.41973592475e-05	-6.23546236745	0.45902444405	-0.714473158768	0.0392667060155
40	"UCF"	"MS01"	"AZD2014"	"Run1"	""	2.38829880321	2.37801648147	0.949258261401	1.11869144572e-07	-1.12636229159	0.672755195351	0.327244804649	0.0633034160478
41	"UCF"	"MS01"	"Bortezomib"	"Run1"	""	1.06134661788	1.04452962068	0.97453617538	4.57162622834e-09	-21.2548391314	0.895406902581	0.104527454863	0.0496271055458
42	"UCF"	"MS01"	"CUDC907"	"Run1"	""	1.69909929958	1.68474621038	0.972248006069	4.12984618644e-08	-1.01646283108	0.878735488557	0.120846521361	0.0466224992652
43	"UCF"	"MS01"	"Everolimus"	"Run1"	""	3.25807589243	3.25646904591	0.711030244463	1.02765650548e-05	-9.61413630374	0.45061282097	0	0.0485734834685
44	"UCF"	"MS01"	"Ganetespib"	"Run1"	""	0.941849589271	0.931056785515	0.935909338201	3.04929962886e-09	-0.561081666905	0.864707733854	0.135292266146	0.0371159110494
45	"UCF"	"MS01"	"GDC0941"	"Run1"	""	2.74034156282	2.73684936287	0.921061602156	1.00000000004e-05	-0.698614255154	0.479665957123	0.520333915976	0.0412657709567
46	"UCF"	"MS01"	"GDC0980"	"Run1"	""	2.30255142111	2.28699842895	0.993253835795	1.74036468175e-07	-0.894371387126	0.85476600257	0.139134360929	0.0266366712016
47	"UCF"	"MS01"	"GSK2126458"	"Run1"	""	0.975372395368	0.967291483286	0.988905889573	2.63468684533e-09	-0.605752336682	0.857387075523	0.142612924477	0.0146093637281
48	"UCF"	"MS01"	"Lapatinib"	"Run1"	""	2.76828393613	2.75181887554	0.974218361638	7.49461691199e-07	-2.73049714844	0.915065840113	-1.59597773329	0.0506460846062
49	"UCF"	"MS01"	"LY2157299"	"Run1"	""	4.00026489153	4.01785546355	0.429261466017	NA	-24.8723463767	0.0605107338829	1.3630828445	0.165352466521
50	"UCF"	"MS01"	"OSU03012"	"Run1"	""	3.13241596087	3.11628566597	0.974849906068	3.11535919616e-06	-14.0491031801	0.936826573929	0.0631733548107	0.06324781989
51	"UCF"	"MS01"	"Panobinostat"	"Run1"	""	2.21448241119	2.1965342769	0.966563868803	1.64359507856e-07	-0.737989567913	0.920295173867	0.0796735965531	0.0704687245784
52	"UCF"	"MS01"	"Perifosine"	"Run1"	""	3.46818647463	3.46055793146	0.621211188793	7.52887525648e-06	-7.50672409789	0.606378049312	-2.82978036583	0.0876125795545
53	"UCF"	"MS01"	"Selumetinib"	"Run1"	""	3.22381388188	3.22272325956	0.916102848906	1e-05	-5.98779821089	0.320531819481	0.606234787685	0.0278681096734
54	"UCF"	"MS01"	"Trametinib"	"Run1"	""	2.23937778292	2.23341505467	0.971714251391	1.86031819974e-06	-0.694123414673	0.758497312656	-12.3489602328	0.0250514900609
55	"UCF"	"MS01"	"Vismodegib"	"Run1"	""	3.73663520094	3.73377624563	0.765659682034	1.16678178521e-05	-1.85028281091	0.391439798586	-7.47587813328	0.0572034768661
56	"UCF"	"MS01"	"Vorinostat"	"Run1"	""	3.03876341786	3.02922448101	0.672856262975	1.79851934201e-06	-7.9439881754	0.649449170755	-0.0554499064372	0.146649939177
57	"UCF"	"MS02"	"AR42"	"Run1"	""	2.8501607704	2.83836273974	0.951265998908	1.34631344844e-06	-0.755268333504	0.760273626	0.226738246753	0.062243496966
58	"UCF"	"MS02"	"Axitinib"	"Run1"	""	3.32072027808	3.31507043147	0.926834414039	9.79557660908e-06	-0.397703717468	0.503594878677	-9.45801643353	0.0407357791695
59	"UCF"	"MS02"	"AZD2014"	"Run1"	""	2.56853725653	2.56076165055	0.904150281052	2.49073274745e-07	-1.0046664784	0.611391598217	0.388608401783	0.0701435569415
60	"UCF"	"MS02"	"Bortezomib"	"Run1"	""	1.24313275635	1.22520906805	0.991235851266	1.44951278096e-08	-1.31971707641	0.939452581807	0.0605474181926	0.0286596970116
61	"UCF"	"MS02"	"CUDC907"	"Run1"	""	1.50893142806	1.49944549474	0.961605368118	4.57621451978e-08	-3.12039677948	0.885550172538	0.105267419288	0.0410602659658
62	"UCF"	"MS02"	"Everolimus"	"Run1"	""	1.73499752511	1.7349345095	0.77103162918	1e-09	-0.673970705164	0.661173933026	-1.29314099188	0.0215486289668
63	"UCF"	"MS02"	"Ganetespib"	"Run1"	""	1.30926157527	1.30062757019	0.921354758608	3.47392600475e-09	-1.01018126987	0.766721923876	0.23223521569	0.0387376970416
64	"UCF"	"MS02"	"GDC0941"	"Run1"	""	2.81529821576	2.80760363812	0.951382904444	9.00298234815e-07	-1.97420187357	0.607094152974	0.348634197984	0.0463964087403
65	"UCF"	"MS02"	"GDC0980"	"Run1"	""	2.45922051702	2.44897531939	0.951093463266	3.34319343039e-07	-1.07681424114	0.73360044552	0.250859800033	0.0541274571699
66	"UCF"	"MS02"	"GSK2126458"	"Run1"	""	1.22989151001	1.22436079529	0.971375561244	4.76464459037e-09	-1.17814029904	0.799835443094	0.200164462243	0.0191661095497
67	"UCF"	"MS02"	"Lapatinib"	"Run1"	""	3.70694726014	3.70269282472	0.929451029271	1.15224820946e-05	-1.11634249828	0.434309147074	-9.11176312452	0.0382055689106
68	"UCF"	"MS02"	"LY2157299"	"Run1"	""	3.67980936444	3.68456216785	0.124853922223	1e-05	-14.1477460489	0.105802798361	0.894143429034	0.0727136091941
69	"UCF"	"MS02"	"OSU03012"	"Run1"	""	3.42383664639	3.40675708027	0.992569316737	5.04696044048e-06	-4.32221311104	0.946438985766	0	0.0362990129806
70	"UCF"	"MS02"	"Panobinostat"	"Run1"	""	2.04047023644	2.02269342095	0.992833586724	1.01155637789e-07	-0.654957761823	0.921769916867	0.0740870536766	0.0278475591928
71	"UCF"	"MS02"	"Perifosine"	"Run1"	""	3.49861514265	3.49016492677	0.770994362996	7.97447161964e-06	-1.09942854327	0.619510699159	-32.5995579838	0.0567583425958
72	"UCF"	"MS02"	"Selumetinib"	"Run1"	""	3.15340046772	3.14958427545	0.868477493248	7.98015428049e-05	-0.153246996028	0.411031405331	-0.0655911845643	0.0504137839944
73	"UCF"	"MS02"	"Trametinib"	"Run1"	""	1.91237365915	1.90956229897	0.860331415923	1.39382965407e-07	-1.24413162807	0.688748339338	-0.0907073046616	0.034786723951
74	"UCF"	"MS02"	"Vismodegib"	"Run1"	""	3.91648159935	3.92008336022	0.305861852424	1.16147448249e-05	-9.78641526079	0.132350216289	-13.7288264735	0.0514262692117
75	"UCF"	"MS02"	"Vorinostat"	"Run1"	""	3.26072173568	3.24555819919	0.987156981883	1.62487182647e-06	-2.1569865626	0.781931506912	-1.09435198737	0.0376829756425
76	"UCF"	"MS03"	"AR42"	"Run1"	""	2.97215025141	2.95773629327	0.939644443427	1.10965407435e-06	-0.86078017863	0.782153395014	-0.136354463515	0.0792531953708
77	"UCF"	"MS03"	"Axitinib"	"Run1"	""	3.64375175764	3.6459135582	0.533411844428	0.000154276763105	-0.432002438777	0.207063148063	-1.6098151061	0.0519436291773
78	"UCF"	"MS03"	"AZD2014"	"Run1"	""	2.99938192985	2.99905871666	0.637262330323	NA	-0.839120669381	0.306194031791	0.693805968209	0.070174470346
79	"UCF"	"MS03"	"Bortezomib"	"Run1"	""	2.51606011753	2.50854008436	0.976416420529	8.63349379493e-07	-0.259422065874	0.554268666228	0.399485265846	0.0225043368094
80	"UCF"	"MS03"	"CUDC907"	"Run1"	""	1.18279663834	1.17306435566	0.916590126321	5.52543985679e-09	-0.40472032834	0.917640825021	0.0769769680122	0.0606847083924
81	"UCF"	"MS03"	"Everolimus"	"Run1"	""	2.30473525243	2.29458548487	0.995511093703	7.09144297236e-06	-11.2780541857	0.938633986282	0	0.0176957386218
82	"UCF"	"MS03"	"Ganetespib"	"Run1"	""	3.04006489521	3.03323119069	0.822715198707	6.14980492641e-06	-0.198304628189	0.551437257136	-11.810008632	0.0695452005924
83	"UCF"	"MS03"	"GDC0941"	"Run1"	""	3.35457005348	3.35317260398	0.90885948386	0.0153378777785	-0.0580408847216	0.306075537566	0	0.030707922106
84	"UCF"	"MS03"	"GDC0980"	"Run1"	""	2.72801455979	2.71578278852	0.92002061289	1.21781085832e-06	-0.125863498277	0.724853602487	-7.79832763809	0.0620672739807
85	"UCF"	"MS03"	"GSK2126458"	"Run1"	""	1.28077096313	1.26991292354	0.99213844901	1.32637704876e-08	-0.502027625064	0.904500088398	0.0954916840405	0.016683099252
86	"UCF"	"MS03"	"Lapatinib"	"Run1"	""	3.79925643713	3.79630313306	0.784588366276	1e-05	-3.17345863147	0.312462373289	0.637619183082	0.0734566440944
87	"UCF"	"MS03"	"LY2157299"	"Run1"	""	3.80469757151	3.80524528612	0.431767655716	0.000138208323562	-50.5679490588	0.244649672092	-13.3555957895	0.0981833720223
88	"UCF"	"MS03"	"OSU03012"	"Run1"	""	3.10386635213	3.08549500711	0.978719287191	1.36056842127e-06	-2.39513230083	0.942953397262	0.0570466027385	0.0659040166571
89	"UCF"	"MS03"	"Panobinostat"	"Run1"	""	2.48420403464	2.46697936263	0.990115709273	2.54501404363e-07	-0.826601098803	0.877717258354	0.0998089102462	0.0196119136429
90	"UCF"	"MS03"	"Perifosine"	"Run1"	""	3.83364164026	3.81667865888	0.979271054762	7.84882974178e-06	-2.88266179456	0.891391065349	-3.04737939558	0.0533610047132
91	"UCF"	"MS03"	"Selumetinib"	"Run1"	""	3.04097942561	3.03719657578	0.85854991171	5.77614291825e-05	-0.0312202123141	0.428290071286	-1.86626253967	0.0456659748969
92	"UCF"	"MS03"	"Trametinib"	"Run1"	""	2.30054631801	2.29513503672	0.890140680765	3.07509598363e-06	-0.963984717007	0.740756344111	-16.1234274343	0.0322330650101
93	"UCF"	"MS03"	"Vismodegib"	"Run1"	""	3.21133643973	3.19795571156	0.995503655483	2.87037813141e-06	-0.53836902301	0.745501675969	-1.28234599601	0.0209692834554
94	"UCF"	"MS03"	"Vorinostat"	"Run1"	""	3.42616786706	3.40904430913	0.986393171654	3.21869296534e-06	-0.38185027375	0.818561209495	-14.9087399002	0.0398325227656
95	"UCF"	"MS12"	"AR42"	"Run1"	""	3.31204192519	3.29311077204	0.968214848761	8.83648885357e-07	-5.16368996918	0.816297086617	-0.429163323885	0.0727407371889
96	"UCF"	"MS12"	"Axitinib"	"Run1"	""	3.61275632599	3.61631080574	0.117352765896	NA	-17.468920292	0.146842222609	0.853157777391	0.139002792558
97	"UCF"	"MS12"	"AZD2014"	"Run1"	""	3.59475605527	3.59803243449	0.496026097075	NA	-10.3494349101	0.130904193385	0.869095806615	0.0487083280944
98	"UCF"	"MS12"	"Bortezomib"	"Run1"	""	3.32371242529	3.32342185814	0.820844121469	1e-05	-2.24913936127	0.308032856381	0.667634891847	0.0450233680334
99	"UCF"	"MS12"	"CUDC907"	"Run1"	""	0.92159676177	0.910147385233	0.972042166618	2.44830776784e-09	-0.378807928636	0.936041471825	0.0345487845304	0.0276182674957
100	"UCF"	"MS12"	"Everolimus"	"Run1"	""	3.54464350089	3.53398610155	0.829422962068	8.10690423701e-06	-2.07013913984	0.710168777031	-6.67500600568	0.066399077094
101	"UCF"	"MS12"	"Ganetespib"	"Run1"	""	1.12409057005	1.1156348859	0.911730017373	6.75249659721e-09	-1.30406610145	0.838790447467	0.161209552533	0.0424803793743
102	"UCF"	"MS12"	"GDC0941"	"Run1"	""	3.19275865231	3.19072551513	0.917029003329	1.00000000162e-05	-0.932885698199	0.376207783078	0.623792216309	0.0393813318031
103	"UCF"	"MS12"	"GDC0980"	"Run1"	""	3.24909570812	3.23096691584	0.922933389301	1.08952985296e-06	-4.18468307511	0.810444232835	-2.13786783027	0.110769385674
104	"UCF"	"MS12"	"GSK2126458"	"Run1"	""	1.11072579688	1.1006204486	0.992596062357	6.50884301398e-09	-0.505760732093	0.905894182929	0.094105597929	0.0170583851292
105	"UCF"	"MS12"	"Lapatinib"	"Run1"	""	4.07842602552	4.06696035336	0.8001378576	NA	2.90064698103	0.617796494635	1.08329215198	0.129512159701
106	"UCF"	"MS12"	"LY2157299"	"Run1"	""	5.15102515145	5.17327460369	0.346329938343	1e-09	0.424637156032	-0.161530833197	1.15012930694	0.152377545492
107	"UCF"	"MS12"	"OSU03012"	"Run1"	""	3.48339417848	3.46366814151	0.985830303046	1.7655136921e-06	-5.08628803364	0.937136752051	0.0627487189938	0.058477514874
108	"UCF"	"MS12"	"Panobinostat"	"Run1"	""	2.52644471591	2.50874966678	0.991974668134	1.99481259278e-07	-1.30951576938	0.865749499985	0.133284077138	0.035270230158
109	"UCF"	"MS12"	"Perifosine"	"Run1"	""	3.3479495122	3.33705503243	0.803364463609	6.90575413869e-06	-1.35405487387	0.741935169942	-13.1214270001	0.100310703571
110	"UCF"	"MS12"	"Selumetinib"	"Run1"	""	3.58575862676	3.58233358406	0.664217521776	0.0376925759438	-0.0490723312846	0.289314750848	0.301881945901	0.0931353393536
111	"UCF"	"MS12"	"Trametinib"	"Run1"	""	2.93738604949	2.93749466589	0.596017349323	1.25934705007e-05	-1.39100017507	0.434176558479	-3.81052891308	0.0380200947611
112	"UCF"	"MS12"	"Vismodegib"	"Run1"	""	3.36632083571	3.3498915778	0.981792759894	1.88651285957e-06	-5.99236845478	0.837528363485	-1.25050656166	0.0380560702256
113	"UCF"	"MS12"	"Vorinostat"	"Run1"	""	3.7292714725	3.71231129175	0.966188009486	2.6812518248e-06	-2.23933732156	0.758073960124	-3.08731867093	0.0703725680039
114	"UCF"	"MSC11"	"AR42"	"Run1"	""	2.95335381878	2.94748981278	0.966601584647	4.72307033882e-06	-0.747264020563	0.509717115169	0.482955317045	0.03051144811
115	"UCF"	"MSC11"	"Axitinib"	"Run1"	""	3.38108507823	3.38037427237	0.92430244613	9.99999999999e-06	-3.35406706992	0.321662781761	0.678333458711	0.0346251995421
116	"UCF"	"MSC11"	"AZD2014"	"Run1"	""	3.28458897647	3.28608814532	0.396835731998	NA	-0.831046747812	0.236994211141	0.763005788859	0.0883282204602
117	"UCF"	"MSC11"	"Bortezomib"	"Run1"	""	2.05217825513	2.03849717856	0.99005210878	8.06227399513e-08	-0.484985673911	0.795996338738	0.203719489157	0.0286230159397
118	"UCF"	"MSC11"	"CUDC907"	"Run1"	""	2.23430563987	2.22684800041	0.934219087771	1.47600173564e-07	-0.555211610688	0.652581541722	0.347416238321	0.0490336009009
119	"UCF"	"MSC11"	"Everolimus"	"Run1"	""	3.64774482896	3.65337098179	0.00942287860277	9.29356900848e+74	-0.0039146590253	0.0970939212461	-0.256161078926	0.0529493100064
120	"UCF"	"MSC11"	"Ganetespib"	"Run1"	""	0.575621449121	0.574525237255	0.726734992405	5.11956166762e-10	-1.54929023114	0.861388374509	0.138611624777	0.0140667445469
121	"UCF"	"MSC11"	"GDC0941"	"Run1"	""	2.90563235942	2.89839471095	0.964693285357	2.3897155653e-06	-0.489851530527	0.576091400885	0.402629593752	0.0345860426227
122	"UCF"	"MSC11"	"GDC0980"	"Run1"	""	2.75382950482	2.73922483374	0.981779583179	7.18505058132e-07	-0.593384356837	0.809413376042	0.172111029541	0.0423668194015
123	"UCF"	"MSC11"	"GSK2126458"	"Run1"	""	1.51374191132	1.50950315298	0.848568535207	3.27221505284e-09	-0.773319550584	0.666129001268	0.333870998732	0.0447109115754
124	"UCF"	"MSC11"	"Lapatinib"	"Run1"	""	3.26914255334	3.25572644846	0.977541963291	4.46882322348e-06	-0.695756164996	0.799409382676	-7.22663247655	0.0398073901965
125	"UCF"	"MSC11"	"LY2157299"	"Run1"	""	3.64373244249	3.64903206203	0.172558858233	NA	-20.0933755395	0.10836240703	0.89163759297	0.0335374539587
126	"UCF"	"MSC11"	"OSU03012"	"Run1"	""	2.95979148439	2.94552327415	0.990364237392	1.53802883075e-06	-8.53676557413	0.864309556458	0.135178970028	0.0366870358617
127	"UCF"	"MSC11"	"Panobinostat"	"Run1"	""	2.54819517486	2.53821119115	0.963234435995	7.26422287882e-07	-0.451231340776	0.689415920818	-0.515157163843	0.0395402327691
128	"UCF"	"MSC11"	"Perifosine"	"Run1"	""	3.70890173746	3.70361760375	0.789097285846	1.03457497872e-05	-1.92289136234	0.480200235409	-1.68611356711	0.0567001884742
129	"UCF"	"MSC11"	"Selumetinib"	"Run1"	""	3.27008352726	3.26733309378	0.886567923043	4.29203646441e-05	-0.718735539253	0.426931703049	0.462370670382	0.0398208392133
130	"UCF"	"MSC11"	"Trametinib"	"Run1"	""	2.56589564579	2.56480085886	0.858581902929	2.88738364277e-05	-0.0540158154892	0.473364689404	-0.437433137328	0.0302897525463
131	"UCF"	"MSC11"	"Vismodegib"	"Run1"	""	3.68794076708	3.69546351464	0.0902231106828	NA	4.31488244965	0.0846265116629	0.915373488337	0.0637097949763
132	"UCF"	"MSC11"	"Vorinostat"	"Run1"	""	3.22163145138	3.21733463493	0.960900892877	1e-05	-1.50201389615	0.477062356214	0.510632773449	0.0324916081106
133	"UCF"	"MS01"	"AR42"	"Run2"	""	2.64422954163	2.62814101793	0.957455744891	5.75194628132e-07	-0.655016820912	0.874632834047	0.119708354977	0.072936923079
134	"UCF"	"MS01"	"Axitinib"	"Run2"	""	3.45449621211	3.44817753592	0.965908519222	6.66214484253e-06	-1.43068196147	0.5221340181	0.471062105116	0.0341944019984
135	"UCF"	"MS01"	"AZD2014"	"Run2"	""	2.40088466357	2.39037134765	0.948919780436	1.46821757515e-07	-1.08826474327	0.693531132789	0.306468867211	0.0613514311964
136	"UCF"	"MS01"	"Bortezomib"	"Run2"	""	1.1707218416	1.15366506223	0.997021637703	8.45634689404e-09	-3.14100228169	0.91537197087	0.0846200871792	0.0153965537128
137	"UCF"	"MS01"	"CUDC907"	"Run2"	""	1.93436069788	1.91830421889	0.991002514606	8.10328551114e-08	-0.791137631912	0.88777829632	0.112221703676	0.0305748999049
138	"UCF"	"MS01"	"Everolimus"	"Run2"	""	1.53865710641	1.53828194059	0.897965124013	1e-09	-0.716037417061	0.712225811454	-3.49363828434	0.0156117234367
139	"UCF"	"MS01"	"Ganetespib"	"Run2"	""	0.871346891509	0.859275552516	0.991764342151	4.33888883963e-09	-1.83351193792	0.907961828406	0.0920371287932	0.0144687057133
140	"UCF"	"MS01"	"GDC0941"	"Run2"	""	3.02675643129	3.02289625754	0.959727012233	1.0000000042e-05	-0.867102951076	0.446926167995	0.553073831817	0.0311711496974
141	"UCF"	"MS01"	"GDC0980"	"Run2"	""	2.62940064684	2.61084934575	0.994322379657	2.78206529137e-07	-0.848501266512	0.873731847529	0.123895305121	0.0285682560333
142	"UCF"	"MS01"	"GSK2126458"	"Run2"	""	0.886917696777	0.876933441839	0.996785103809	2.96995843805e-09	-0.618309483893	0.899009946758	0.100989774118	0.010390939228
143	"UCF"	"MS01"	"Lapatinib"	"Run2"	""	3.33884794195	3.33286206784	0.708438881118	5.65411370092e-06	-1.91695269017	0.530128898505	0.452997925553	0.0933120903382
144	"UCF"	"MS01"	"LY2157299"	"Run2"	""	3.96020185056	3.96680223357	-0.00678480331321	Inf	-0.000413370373274	0.00923390101919	0	0.0376741740931
145	"UCF"	"MS01"	"OSU03012"	"Run2"	""	3.29482760096	3.27766982845	0.993463754056	2.85214213789e-06	-3.1994555887	0.930919837975	0.0532084762795	0.0343221422139
146	"UCF"	"MS01"	"Panobinostat"	"Run2"	""	2.19970638898	2.18249723626	0.989478815752	1.37382314541e-07	-0.821077873098	0.897955386886	0.0965176649797	0.03489824332
147	"UCF"	"MS01"	"Perifosine"	"Run2"	""	3.58161510386	3.56649323682	0.954764431072	7.40608419921e-06	-2.05009222815	0.864835602101	-34.6207787727	0.0496219686136
148	"UCF"	"MS01"	"Selumetinib"	"Run2"	""	3.17524883765	3.17509018452	0.848783280409	1e-05	-17.9816210958	0.302345195194	0.6898059825	0.0397412267325
149	"UCF"	"MS01"	"Trametinib"	"Run2"	""	2.34793447094	2.34330292712	0.947642869781	2.42770427584e-06	-0.570304037341	0.685717651601	-20.2484693381	0.0303915082635
150	"UCF"	"MS01"	"Vismodegib"	"Run2"	""	3.65159291241	3.65898360627	0.310860597168	NA	18.66531248	0.0975645253673	0.902435474633	0.0301326026522
151	"UCF"	"MS01"	"Vorinostat"	"Run2"	""	3.05249163463	3.03988942894	0.977185034113	1.39662941995e-06	-3.239995998	0.764903426313	-0.0560483974637	0.0453107304654
152	"UCF"	"MS02"	"AR42"	"Run2"	""	2.96378276341	2.94690568647	0.988143510144	6.61258450259e-07	-2.03173894252	0.864179552459	0.0375263384018	0.0405106743964
153	"UCF"	"MS02"	"Axitinib"	"Run2"	""	2.71932614926	2.71099115523	0.950779652627	2.6035228441e-06	-0.331644630866	0.691473744005	-13.989144438	0.0354127312266
154	"UCF"	"MS02"	"AZD2014"	"Run2"	""	2.84953662475	2.84232523459	0.724172707826	5.4601839624e-07	-1.12195728189	0.569896443292	0.430103556708	0.119761244372
155	"UCF"	"MS02"	"Bortezomib"	"Run2"	""	1.12673311436	1.11272114638	0.995055398556	3.53180191061e-09	-10.1155908657	0.827828053184	0.17217122599	0.0113586841244
156	"UCF"	"MS02"	"CUDC907"	"Run2"	""	1.39352390971	1.38341867943	0.960180619936	3.11010277766e-08	-1.06643830303	0.88491922383	0.115080775925	0.0410320433563
157	"UCF"	"MS02"	"Everolimus"	"Run2"	""	2.75371708797	2.75281028704	0.844940964199	9.86404610337e-06	-9.64694032563	0.518854396128	0	0.0288529231358
158	"UCF"	"MS02"	"Ganetespib"	"Run2"	""	0.770025959296	0.765369671518	0.911936798352	1e-09	-7.7188922785	0.859769871157	0.139927749071	0.0221490616241
159	"UCF"	"MS02"	"GDC0941"	"Run2"	""	3.13764943051	3.1360119259	0.923526064098	1e-05	-0.644479423157	0.360527035983	0.639471548159	0.0328380713873
160	"UCF"	"MS02"	"GDC0980"	"Run2"	""	2.57259011015	2.55977014192	0.990983121106	5.04248926827e-07	-0.651367860669	0.785293847901	0.212031408494	0.0248717017484
161	"UCF"	"MS02"	"GSK2126458"	"Run2"	""	1.13005692153	1.11986072308	0.993916838641	4.99248106442e-09	-0.463483321617	0.867967201639	0.131932667307	0.011315054882
162	"UCF"	"MS02"	"Lapatinib"	"Run2"	""	2.67248818861	2.65827869909	0.975476831952	3.33980585617e-07	-2.99683107787	0.810582778754	0.184523386308	0.0557150377008
163	"UCF"	"MS02"	"LY2157299"	"Run2"	""	4.10511333593	4.11336854478	0.142148217723	1e-09	0.0293361452057	-0.00165106416606	0.937104218413	0.0459065058038
164	"UCF"	"MS02"	"OSU03012"	"Run2"	""	3.0128660932	2.99812044917	0.99536988451	1.61196819325e-06	-3.35176426816	0.863589283129	0.136410716871	0.0250454701732
165	"UCF"	"MS02"	"Panobinostat"	"Run2"	""	2.43911670508	2.42220461064	0.991598747418	1.25080824945e-07	-2.77643089411	0.83405441125	0.0998032033422	0.0327698613722
166	"UCF"	"MS02"	"Perifosine"	"Run2"	""	3.10749375525	3.09141575242	0.939177234168	2.28631573953e-06	-2.31340407707	0.915479316524	0.0551394955863	0.097556492914
167	"UCF"	"MS02"	"Selumetinib"	"Run2"	""	2.51642913199	2.50566420577	0.975291647234	6.58231248867e-07	-0.222126997426	0.71009838145	-0.560407980596	0.0316544627855
168	"UCF"	"MS02"	"Trametinib"	"Run2"	""	0.901629671545	0.900386936254	0.961978857156	1e-09	-0.394621633491	0.832434934727	0.165791299203	0.00797767892466
169	"UCF"	"MS02"	"Vismodegib"	"Run2"	""	3.62651507829	3.62414508605	0.928008376597	1.48916742717e-05	-5.36132433938	0.392188212552	-3.43054576389	0.0374058950698
170	"UCF"	"MS02"	"Vorinostat"	"Run2"	""	3.33279984918	3.3206903745	0.980642350002	2.76484065849e-06	-4.33323563817	0.709681887109	-1.75700952262	0.0360480957664
171	"UCF"	"MSC11"	"AR42"	"Run2"	""	3.0133922258	3.00853150487	0.950725668078	1.71941584685e-05	-0.522043255526	0.493707713662	0.49693268087	0.0346226915853
172	"UCF"	"MSC11"	"Axitinib"	"Run2"	""	3.44635302272	3.44454895919	0.943222116713	1.00000023839e-05	-1.34666122567	0.347538307568	0.652461692428	0.0307792726919
173	"UCF"	"MSC11"	"AZD2014"	"Run2"	""	3.31013416536	3.31028526871	0.818429948627	NA	-1.31050649048	0.274089872085	0.725910127915	0.0478607031757
174	"UCF"	"MSC11"	"Bortezomib"	"Run2"	""	2.84604288175	2.83120029616	0.968257760874	3.73300386893e-07	-5.52291249169	0.759670759841	0.117795109932	0.0579262667115
175	"UCF"	"MSC11"	"CUDC907"	"Run2"	""	2.45749896277	2.4469394695	0.983405956604	2.24138907803e-07	-0.782499638729	0.695332210009	0.304667787626	0.0323889563656
176	"UCF"	"MSC11"	"Everolimus"	"Run2"	""	3.26813514863	3.26811949453	0.683375109164	1.50169242261e-05	-1.19661018992	0.37321245222	-7.68709804623	0.0416892811073
177	"UCF"	"MSC11"	"Ganetespib"	"Run2"	""	0.654492761167	0.653341261176	0.935183786551	1e-09	-0.979797737399	0.850471387452	0.149528612502	0.00636399583981
178	"UCF"	"MSC11"	"GDC0941"	"Run2"	""	2.97771882772	2.97140471733	0.978523295415	1.30472539583e-06	-0.864333765709	0.526844527958	0.473155383068	0.0291514710648
179	"UCF"	"MSC11"	"GDC0980"	"Run2"	""	2.63227083401	2.61684871089	0.994025931883	4.20266281266e-07	-0.76131597824	0.828397829614	0.107468306901	0.0263952573816
180	"UCF"	"MSC11"	"GSK2126458"	"Run2"	""	1.57804408207	1.5889322249	0.834244159648	1.09256768843e-06	1.90205275907	0.683032328646	0.316967671354	0.0596546914682
181	"UCF"	"MSC11"	"Lapatinib"	"Run2"	""	3.0706844237	3.05740794809	0.983296214209	1.64685956657e-06	-1.18193836936	0.78048709143	0.0739185757638	0.0373354154702
182	"UCF"	"MSC11"	"LY2157299"	"Run2"	""	3.79835210138	3.80339117849	0.129198043468	1.0000000447e-05	-0.672166903504	0.0727841806697	0.927215819232	0.0571551645447
183	"UCF"	"MSC11"	"OSU03012"	"Run2"	""	3.57087287532	3.55566023024	0.994052125019	6.50963357316e-06	-1.55704673371	0.854115184124	-3.48323583885	0.0286372378354
184	"UCF"	"MSC11"	"Panobinostat"	"Run2"	""	2.75328456059	2.74454808939	0.976265495102	1.27769457473e-06	-1.51436955082	0.614593992316	-0.0266488746824	0.0308315652587
185	"UCF"	"MSC11"	"Perifosine"	"Run2"	""	3.75406669889	3.75534667908	0.804236397796	6.76195016837e-05	-0.48811768403	0.215760153036	-5.0554066171	0.0331942771265
186	"UCF"	"MSC11"	"Selumetinib"	"Run2"	""	3.76533213897	3.76144767684	0.926883854735	1.58150904575e-05	-1.33173352885	0.399949408312	-0.835163754986	0.0344014869556
187	"UCF"	"MSC11"	"Trametinib"	"Run2"	""	2.31705767488	2.31663520896	0.888008545689	1.00000002664e-05	-0.611837397556	0.484021464502	0.515978535401	0.0263673421356
188	"UCF"	"MSC11"	"Vismodegib"	"Run2"	""	3.99875434035	4.00329956633	0.365280149386	7.53008894157	-4.43377614675	0.0731690126994	0.104014475147	0.0306117650607
189	"UCF"	"MSC11"	"Vorinostat"	"Run2"	""	3.41758385754	3.41287298473	0.965766115795	2.51650070825e-05	-0.714936629716	0.448699306885	0.450790145244	0.0278257414998
